[
  {
    "Player": "dev1ance",
    "Kills": "1958",
    "HS%": "64%",
    "K/D": "3.16",
    "Playtime": "31",
    "Points": "2583"
  },
  {
    "Player": "Грязный Грю",
    "Kills": "2187",
    "HS%": "60%",
    "K/D": "2.82",
    "Playtime": "33",
    "Points": "2371"
  },
  {
    "Player": "f0ster666",
    "Kills": "2561",
    "HS%": "48%",
    "K/D": "2.54",
    "Playtime": "53",
    "Points": "1900"
  },
  {
    "Player": "xyes0speek",
    "Kills": "1218",
    "HS%": "71%",
    "K/D": "3.49",
    "Playtime": "17",
    "Points": "1856"
  },
  {
    "Player": "TALENT ǀ d3cant1a",
    "Kills": "1206",
    "HS%": "63%",
    "K/D": "4.64",
    "Playtime": "16",
    "Points": "1779"
  },
  {
    "Player": "tuch1a",
    "Kills": "1427",
    "HS%": "62%",
    "K/D": "2.95",
    "Playtime": "29",
    "Points": "1718"
  },
  {
    "Player": "FoyzeNN",
    "Kills": "1163",
    "HS%": "68%",
    "K/D": "3.29",
    "Playtime": "18",
    "Points": "1661"
  },
  {
    "Player": "ebaka666_zxc",
    "Kills": "1465",
    "HS%": "55%",
    "K/D": "2.75",
    "Playtime": "27",
    "Points": "1409"
  },
  {
    "Player": "ImSiberian",
    "Kills": "1669",
    "HS%": "47%",
    "K/D": "2.70",
    "Playtime": "33",
    "Points": "1328"
  },
  {
    "Player": "sevenfoldminister",
    "Kills": "1361",
    "HS%": "44%",
    "K/D": "3.45",
    "Playtime": "19",
    "Points": "1277"
  }
]